filename,label
/kaggle/input/healthy-and-bleached-corals-image-classification/healthy_corals/2153405539_1748371f99_o.jpg,healthy
/kaggle/input/healthy-and-bleached-corals-image-classification/healthy_corals/6128743682_115e73108e_o.jpg,healthy
/kaggle/input/healthy-and-bleached-corals-image-classification/healthy_corals/25274385023_1b8a231d5d_o.jpg,healthy
/kaggle/input/healthy-and-bleached-corals-image-classification/healthy_corals/26199762804_0c6f332703_b.jpg,healthy
/kaggle/input/healthy-and-bleached-corals-image-classification/bleached_corals/16099540620_d505d7802d_o.jpg,bleached
/kaggle/input/healthy-and-bleached-corals-image-classification/bleached_corals/14784774402_7f26bbaefe_o.jpg,bleached
/kaggle/input/healthy-and-bleached-corals-image-classification/bleached_corals/8728295760_44aeb65001_o.jpg,bleached
/kaggle/input/healthy-and-bleached-corals-image-classification/bleached_corals/9211027651_d366cd346b_o.jpg,bleached
/kaggle/input/healthy-and-bleached-corals-image-classification/healthy_corals/5280533169_15fc94c031_o.jpg,healthy
/kaggle/input/healthy-and-bleached-corals-image-classification/bleached_corals/14789904809_e0779e7cbe_b.jpg,bleached
/kaggle/input/healthy-and-bleached-corals-image-classification/bleached_corals/14789906589_953fbce5bf_b.jpg,bleached
/kaggle/input/healthy-and-bleached-corals-image-classification/healthy_corals/385106222_dbfae0c638_o.jpg,healthy
/kaggle/input/healthy-and-bleached-corals-image-classification/healthy_corals/16653573118_0174589d8f_b.jpg,healthy
/kaggle/input/healthy-and-bleached-corals-image-classification/healthy_corals/2374316888_c6de9b2138_o.jpg,healthy
/kaggle/input/healthy-and-bleached-corals-image-classification/bleached_corals/3688287425_3e063e611f_o.jpg,bleached
/kaggle/input/healthy-and-bleached-corals-image-classification/bleached_corals/8051295265_22ce0d102e_o.jpg,bleached
/kaggle/input/healthy-and-bleached-corals-image-classification/bleached_corals/21670405772_4b90f35474_o.jpg,bleached
/kaggle/input/healthy-and-bleached-corals-image-classification/healthy_corals/5280704949_d08a39a7fe_o.jpg,healthy
/kaggle/input/healthy-and-bleached-corals-image-classification/healthy_corals/6392167329_484ab2cfa4_o.jpg,healthy
/kaggle/input/healthy-and-bleached-corals-image-classification/bleached_corals/34386944706_7e8bebcd20_o.jpg,bleached
/kaggle/input/healthy-and-bleached-corals-image-classification/healthy_corals/6392772527_0b5fff1059_o.jpg,healthy
/kaggle/input/healthy-and-bleached-corals-image-classification/bleached_corals/45435650985_499bab2836_o.jpg,bleached
/kaggle/input/healthy-and-bleached-corals-image-classification/healthy_corals/10160888014_be7c71167c_o.jpg,healthy
/kaggle/input/healthy-and-bleached-corals-image-classification/bleached_corals/14973523991_e995999c4a_b.jpg,bleached
/kaggle/input/healthy-and-bleached-corals-image-classification/healthy_corals/11335716606_517eb63e0d_b.jpg,healthy
/kaggle/input/healthy-and-bleached-corals-image-classification/bleached_corals/5029269095_a326041de2_o.jpg,bleached
/kaggle/input/healthy-and-bleached-corals-image-classification/bleached_corals/14121636971_2b17a216fd_b.jpg,bleached
/kaggle/input/healthy-and-bleached-corals-image-classification/healthy_corals/7006760766_7022c39e4d_b.jpg,healthy
/kaggle/input/healthy-and-bleached-corals-image-classification/healthy_corals/36266669900_10dac21f27_o.jpg,healthy
/kaggle/input/healthy-and-bleached-corals-image-classification/bleached_corals/33977415095_f2b5b1d1ea_b.jpg,bleached
/kaggle/input/healthy-and-bleached-corals-image-classification/healthy_corals/7492813290_67fe8587df_o.jpg,healthy
/kaggle/input/healthy-and-bleached-corals-image-classification/healthy_corals/35917103046_e2b72bcaaf_o.jpg,healthy
/kaggle/input/healthy-and-bleached-corals-image-classification/bleached_corals/14976275642_2325922d05_b.jpg,bleached
/kaggle/input/healthy-and-bleached-corals-image-classification/bleached_corals/40157598040_06d21cb1eb_o.jpg,bleached
/kaggle/input/healthy-and-bleached-corals-image-classification/healthy_corals/5599820830_d11528f073_o.jpg,healthy
/kaggle/input/healthy-and-bleached-corals-image-classification/healthy_corals/32502137935_04fb17b9ef_b.jpg,healthy
/kaggle/input/healthy-and-bleached-corals-image-classification/bleached_corals/17178717058_0a7d05b8c9_o.jpg,bleached
/kaggle/input/healthy-and-bleached-corals-image-classification/healthy_corals/7304240268_79155673ea_o.jpg,healthy
/kaggle/input/healthy-and-bleached-corals-image-classification/bleached_corals/14976250812_1a6664dacd_b.jpg,bleached
/kaggle/input/healthy-and-bleached-corals-image-classification/bleached_corals/1257640480_faad6caad9_o.jpg,bleached
/kaggle/input/healthy-and-bleached-corals-image-classification/healthy_corals/39209971264_6a1b377511_b.jpg,healthy
/kaggle/input/healthy-and-bleached-corals-image-classification/bleached_corals/3717278156_f0285ccc9b_o.jpg,bleached
/kaggle/input/healthy-and-bleached-corals-image-classification/healthy_corals/8467855675_7670407af9_o.jpg,healthy
/kaggle/input/healthy-and-bleached-corals-image-classification/bleached_corals/11023816893_9994f554e2_o.jpg,bleached
/kaggle/input/healthy-and-bleached-corals-image-classification/healthy_corals/3377813885_e39c40af0b_b.jpg,healthy
/kaggle/input/healthy-and-bleached-corals-image-classification/healthy_corals/41439807044_d73d8b1802_b.jpg,healthy
/kaggle/input/healthy-and-bleached-corals-image-classification/healthy_corals/17966246223_50f9c29f65_o.jpg,healthy
/kaggle/input/healthy-and-bleached-corals-image-classification/healthy_corals/12678410645_623fc2f1d0_b.jpg,healthy
/kaggle/input/healthy-and-bleached-corals-image-classification/healthy_corals/33812437684_38ecc57d2f_o.jpg,healthy
/kaggle/input/healthy-and-bleached-corals-image-classification/healthy_corals/46896201665_5f277e582b_o.jpg,healthy
/kaggle/input/healthy-and-bleached-corals-image-classification/bleached_corals/23075042665_aa8520ec86_o.jpg,bleached
/kaggle/input/healthy-and-bleached-corals-image-classification/healthy_corals/40185808611_fd06bb6ab1_o.jpg,healthy
/kaggle/input/healthy-and-bleached-corals-image-classification/healthy_corals/5229595468_c41acc84e2_o.jpg,healthy
/kaggle/input/healthy-and-bleached-corals-image-classification/bleached_corals/14790000358_faf8b984df_b.jpg,bleached
/kaggle/input/healthy-and-bleached-corals-image-classification/healthy_corals/9540282147_2006ddfd43_b.jpg,healthy
/kaggle/input/healthy-and-bleached-corals-image-classification/bleached_corals/6392167385_f94ecdf733_o.jpg,bleached
/kaggle/input/healthy-and-bleached-corals-image-classification/healthy_corals/4595772766_9d1ba4e72d_b.jpg,healthy
/kaggle/input/healthy-and-bleached-corals-image-classification/bleached_corals/3026218663_aafea2df30_o.jpg,bleached
/kaggle/input/healthy-and-bleached-corals-image-classification/bleached_corals/11333883796_e74aa9bd17_o.jpg,bleached
/kaggle/input/healthy-and-bleached-corals-image-classification/bleached_corals/15274984347_1834e7dab9_o.jpg,bleached
/kaggle/input/healthy-and-bleached-corals-image-classification/healthy_corals/40522587252_9e57cb7843_b.jpg,healthy
/kaggle/input/healthy-and-bleached-corals-image-classification/healthy_corals/7171235475_d2565c7dd9_b.jpg,healthy
/kaggle/input/healthy-and-bleached-corals-image-classification/bleached_corals/8727059131_e260ae0f2d_o.jpg,bleached
/kaggle/input/healthy-and-bleached-corals-image-classification/healthy_corals/16904174205_e13633f402_b.jpg,healthy
/kaggle/input/healthy-and-bleached-corals-image-classification/healthy_corals/1684718438_49ecc148b2_o.jpg,healthy
/kaggle/input/healthy-and-bleached-corals-image-classification/bleached_corals/28687807580_311222a4bb_o.jpg,bleached
/kaggle/input/healthy-and-bleached-corals-image-classification/healthy_corals/22682754679_7095240f2f_o.jpg,healthy
/kaggle/input/healthy-and-bleached-corals-image-classification/healthy_corals/8468948736_cd24c03459_o.jpg,healthy
/kaggle/input/healthy-and-bleached-corals-image-classification/healthy_corals/9709957059_bd6a0f93ca_o.jpg,healthy
/kaggle/input/healthy-and-bleached-corals-image-classification/healthy_corals/5015048052_609d44ca9c_o.jpg,healthy
/kaggle/input/healthy-and-bleached-corals-image-classification/healthy_corals/6944601354_a967da0e3c_o.jpg,healthy
/kaggle/input/healthy-and-bleached-corals-image-classification/bleached_corals/14790055587_d33ca9a3de_b.jpg,bleached
/kaggle/input/healthy-and-bleached-corals-image-classification/bleached_corals/13938277197_44b23a6021_b.jpg,bleached
/kaggle/input/healthy-and-bleached-corals-image-classification/healthy_corals/8752583977_9a9dd84078_b.jpg,healthy
/kaggle/input/healthy-and-bleached-corals-image-classification/bleached_corals/28451693571_cfbf73acbb_o.jpg,bleached
/kaggle/input/healthy-and-bleached-corals-image-classification/healthy_corals/15988368792_0e420b609e_b.jpg,healthy
/kaggle/input/healthy-and-bleached-corals-image-classification/healthy_corals/33276578038_4d120e8776_b.jpg,healthy
/kaggle/input/healthy-and-bleached-corals-image-classification/bleached_corals/29276552722_72a09d51fd_o.jpg,bleached
/kaggle/input/healthy-and-bleached-corals-image-classification/bleached_corals/5815918114_9a94837b24_o.jpg,bleached
/kaggle/input/healthy-and-bleached-corals-image-classification/bleached_corals/29029378166_ef56f1a1a2_b.jpg,bleached
/kaggle/input/healthy-and-bleached-corals-image-classification/healthy_corals/9332737666_4bf65fa9a8_o.jpg,healthy
/kaggle/input/healthy-and-bleached-corals-image-classification/bleached_corals/5612231712_abda896122_o.jpg,bleached
/kaggle/input/healthy-and-bleached-corals-image-classification/bleached_corals/46440873795_941044d62d_o.jpg,bleached
/kaggle/input/healthy-and-bleached-corals-image-classification/bleached_corals/381510257_cdec223932_o.jpg,bleached
/kaggle/input/healthy-and-bleached-corals-image-classification/bleached_corals/14953640486_08df30f3e4_b.jpg,bleached
/kaggle/input/healthy-and-bleached-corals-image-classification/healthy_corals/17053769227_fe8a89433a_b.jpg,healthy
/kaggle/input/healthy-and-bleached-corals-image-classification/bleached_corals/9406240021_a65af0d829_o.jpg,bleached
/kaggle/input/healthy-and-bleached-corals-image-classification/healthy_corals/39938923285_bffab6b7e8_b.jpg,healthy
/kaggle/input/healthy-and-bleached-corals-image-classification/bleached_corals/26029050502_5c8f6db02d_o.jpg,bleached
/kaggle/input/healthy-and-bleached-corals-image-classification/bleached_corals/18662171763_b190acebe4_o.jpg,bleached
/kaggle/input/healthy-and-bleached-corals-image-classification/bleached_corals/4559842495_036f8eb5a2_o.jpg,bleached
/kaggle/input/healthy-and-bleached-corals-image-classification/bleached_corals/45615732222_d695fd3096_o.jpg,bleached
/kaggle/input/healthy-and-bleached-corals-image-classification/bleached_corals/13754287985_5fc707aced_o.jpg,bleached
/kaggle/input/healthy-and-bleached-corals-image-classification/bleached_corals/4767456872_e9c7a580b9_o.jpg,bleached
/kaggle/input/healthy-and-bleached-corals-image-classification/bleached_corals/8728216016_7196b0bb2b_o.jpg,bleached
/kaggle/input/healthy-and-bleached-corals-image-classification/healthy_corals/10493371746_61da3099a1_o.jpg,healthy
/kaggle/input/healthy-and-bleached-corals-image-classification/bleached_corals/28956833752_f90f134248_b.jpg,bleached
/kaggle/input/healthy-and-bleached-corals-image-classification/bleached_corals/18206069405_acac2f12e6_o.jpg,bleached
/kaggle/input/healthy-and-bleached-corals-image-classification/healthy_corals/9332754818_8a3a455964_o.jpg,healthy
/kaggle/input/healthy-and-bleached-corals-image-classification/healthy_corals/15988378472_510fff0b80_b.jpg,healthy
/kaggle/input/healthy-and-bleached-corals-image-classification/bleached_corals/5302603763_d545181121_o.jpg,bleached
/kaggle/input/healthy-and-bleached-corals-image-classification/healthy_corals/38362661586_2953f083a3_o.jpg,healthy
/kaggle/input/healthy-and-bleached-corals-image-classification/healthy_corals/5950870236_64af74c06d_o.jpg,healthy
/kaggle/input/healthy-and-bleached-corals-image-classification/bleached_corals/5397426965_9cf879ca94_o.jpg,bleached
/kaggle/input/healthy-and-bleached-corals-image-classification/healthy_corals/15628206449_7565dbb88d_o.jpg,healthy
/kaggle/input/healthy-and-bleached-corals-image-classification/healthy_corals/42740094031_0f4e8b899e_o.jpg,healthy
/kaggle/input/healthy-and-bleached-corals-image-classification/bleached_corals/4695377101_03d3573df4_o.jpg,bleached
/kaggle/input/healthy-and-bleached-corals-image-classification/bleached_corals/5398027196_ddb0fc9a1d_o.jpg,bleached
/kaggle/input/healthy-and-bleached-corals-image-classification/healthy_corals/38695348280_e22c71103b_b.jpg,healthy
/kaggle/input/healthy-and-bleached-corals-image-classification/bleached_corals/7133436125_83ecba3a00_o.jpg,bleached
/kaggle/input/healthy-and-bleached-corals-image-classification/healthy_corals/6392432031_0f3661dc03_o.jpg,healthy
/kaggle/input/healthy-and-bleached-corals-image-classification/bleached_corals/52850603_e908a7bcc9_o.jpg,bleached
/kaggle/input/healthy-and-bleached-corals-image-classification/bleached_corals/8676846425_564fd10355_o.jpg,bleached
/kaggle/input/healthy-and-bleached-corals-image-classification/bleached_corals/7722031606_06142cc386_b.jpg,bleached
/kaggle/input/healthy-and-bleached-corals-image-classification/bleached_corals/5865866366_c2bae5d7e0_o.jpg,bleached
/kaggle/input/healthy-and-bleached-corals-image-classification/bleached_corals/14633934787_b2a1e4e803_o.jpg,bleached
/kaggle/input/healthy-and-bleached-corals-image-classification/bleached_corals/5101310001_7885a205a5_o.jpg,bleached
/kaggle/input/healthy-and-bleached-corals-image-classification/bleached_corals/28897334291_62c5845484_o.jpg,bleached
/kaggle/input/healthy-and-bleached-corals-image-classification/healthy_corals/8913692138_782080c6e4_b.jpg,healthy
/kaggle/input/healthy-and-bleached-corals-image-classification/bleached_corals/15890087590_4dbddacb5b_o.jpg,bleached
/kaggle/input/healthy-and-bleached-corals-image-classification/bleached_corals/4892894895_db7ac36421_o.jpg,bleached
/kaggle/input/healthy-and-bleached-corals-image-classification/healthy_corals/29441128048_8b0fd78bb5_b.jpg,healthy
/kaggle/input/healthy-and-bleached-corals-image-classification/bleached_corals/8721480031_4e1b1939b1_o.jpg,bleached
/kaggle/input/healthy-and-bleached-corals-image-classification/healthy_corals/30252502637_3e066a8790_b.jpg,healthy
/kaggle/input/healthy-and-bleached-corals-image-classification/healthy_corals/5812205239_e5c4047a9b_o.jpg,healthy
/kaggle/input/healthy-and-bleached-corals-image-classification/healthy_corals/11181998026_8f80828375_o.jpg,healthy
/kaggle/input/healthy-and-bleached-corals-image-classification/healthy_corals/37634336620_fc84bb2dda_b.jpg,healthy
/kaggle/input/healthy-and-bleached-corals-image-classification/bleached_corals/14973513881_ae1efe9e2a_b.jpg,bleached
/kaggle/input/healthy-and-bleached-corals-image-classification/bleached_corals/392871468_82f033b05d_o.jpg,bleached
/kaggle/input/healthy-and-bleached-corals-image-classification/healthy_corals/15396138413_deb8e78193_o.jpg,healthy
/kaggle/input/healthy-and-bleached-corals-image-classification/healthy_corals/47812522351_2fba5f0178_o.jpg,healthy
/kaggle/input/healthy-and-bleached-corals-image-classification/bleached_corals/14184579797_9df22c65b8_o.jpg,bleached
/kaggle/input/healthy-and-bleached-corals-image-classification/healthy_corals/5085093671_24b11f07d5_o.jpg,healthy
/kaggle/input/healthy-and-bleached-corals-image-classification/bleached_corals/25953974483_02c2104850_b.jpg,bleached
/kaggle/input/healthy-and-bleached-corals-image-classification/healthy_corals/43073319610_545ccba15b_b.jpg,healthy
/kaggle/input/healthy-and-bleached-corals-image-classification/bleached_corals/15461769512_cb7e5fccfa_o.jpg,bleached
/kaggle/input/healthy-and-bleached-corals-image-classification/healthy_corals/15205726294_9e94c07367_o.jpg,healthy
/kaggle/input/healthy-and-bleached-corals-image-classification/bleached_corals/16260961466_35d838b134_o.jpg,bleached
/kaggle/input/healthy-and-bleached-corals-image-classification/healthy_corals/5942617275_de0ee79729_o.jpg,healthy
/kaggle/input/healthy-and-bleached-corals-image-classification/healthy_corals/15803342287_57bed1e821_b.jpg,healthy
/kaggle/input/healthy-and-bleached-corals-image-classification/bleached_corals/41515501590_708fd3cb35_b.jpg,bleached
/kaggle/input/healthy-and-bleached-corals-image-classification/healthy_corals/14566453643_7b6a2fd10a_b.jpg,healthy
/kaggle/input/healthy-and-bleached-corals-image-classification/healthy_corals/16471779011_73c0556a27_b.jpg,healthy
/kaggle/input/healthy-and-bleached-corals-image-classification/healthy_corals/26522921909_cb37cea0ef_b.jpg,healthy
/kaggle/input/healthy-and-bleached-corals-image-classification/bleached_corals/8199768672_5540db83f4_o.jpg,bleached
/kaggle/input/healthy-and-bleached-corals-image-classification/bleached_corals/28245767640_ffa63bbf6b_o.jpg,bleached
/kaggle/input/healthy-and-bleached-corals-image-classification/bleached_corals/14789930179_88c415837f_b.jpg,bleached
/kaggle/input/healthy-and-bleached-corals-image-classification/healthy_corals/26376778479_a8b1daa375_b.jpg,healthy
/kaggle/input/healthy-and-bleached-corals-image-classification/bleached_corals/14343383014_c661e512ee_o.jpg,bleached
/kaggle/input/healthy-and-bleached-corals-image-classification/healthy_corals/22830860377_4c0d05e5fe_b.jpg,healthy
/kaggle/input/healthy-and-bleached-corals-image-classification/healthy_corals/12678935155_4e7f99b5bf_b.jpg,healthy
/kaggle/input/healthy-and-bleached-corals-image-classification/healthy_corals/2067197055_7129349757_o.jpg,healthy
/kaggle/input/healthy-and-bleached-corals-image-classification/healthy_corals/4569334953_e0c5be0267_o.jpg,healthy
/kaggle/input/healthy-and-bleached-corals-image-classification/bleached_corals/36342358084_697e3e7748_o.jpg,bleached
/kaggle/input/healthy-and-bleached-corals-image-classification/bleached_corals/5160419996_ff4ba8452c_o.jpg,bleached
/kaggle/input/healthy-and-bleached-corals-image-classification/bleached_corals/9211129419_2ca182822e_o.jpg,bleached
/kaggle/input/healthy-and-bleached-corals-image-classification/bleached_corals/14420989006_24a2b33549_b.jpg,bleached
/kaggle/input/healthy-and-bleached-corals-image-classification/healthy_corals/6064175117_8c31f1fab0_o.jpg,healthy
/kaggle/input/healthy-and-bleached-corals-image-classification/bleached_corals/17585237184_8faa93aae9_o.jpg,bleached
/kaggle/input/healthy-and-bleached-corals-image-classification/bleached_corals/5597482312_61b4662a32_o.jpg,bleached
/kaggle/input/healthy-and-bleached-corals-image-classification/bleached_corals/14976242782_64a566881a_b.jpg,bleached
/kaggle/input/healthy-and-bleached-corals-image-classification/bleached_corals/14633937377_cf9902548b_o.jpg,bleached
/kaggle/input/healthy-and-bleached-corals-image-classification/bleached_corals/5397427225_539d487abe_o.jpg,bleached
/kaggle/input/healthy-and-bleached-corals-image-classification/healthy_corals/39700635665_cbb9734591_b.jpg,healthy
/kaggle/input/healthy-and-bleached-corals-image-classification/healthy_corals/7997825012_165e83bde4_o.jpg,healthy
/kaggle/input/healthy-and-bleached-corals-image-classification/healthy_corals/15300002287_dcc848f4bc_b.jpg,healthy
/kaggle/input/healthy-and-bleached-corals-image-classification/bleached_corals/2429161515_dd2e45b102_o.jpg,bleached
/kaggle/input/healthy-and-bleached-corals-image-classification/healthy_corals/29600393725_95d3751c2c_b.jpg,healthy
/kaggle/input/healthy-and-bleached-corals-image-classification/bleached_corals/5596901319_f953a65c81_o.jpg,bleached
/kaggle/input/healthy-and-bleached-corals-image-classification/healthy_corals/2306125427_0f0126ee53_b.jpg,healthy
/kaggle/input/healthy-and-bleached-corals-image-classification/healthy_corals/5189042966_a2e4bfa7af_o.jpg,healthy
/kaggle/input/healthy-and-bleached-corals-image-classification/healthy_corals/19879911213_a1dde029c3_o.jpg,healthy
/kaggle/input/healthy-and-bleached-corals-image-classification/healthy_corals/6099267701_f67dd74f07_b.jpg,healthy
/kaggle/input/healthy-and-bleached-corals-image-classification/bleached_corals/14840328913_5728092dd8_o.jpg,bleached
/kaggle/input/healthy-and-bleached-corals-image-classification/healthy_corals/12204692224_d916847478_b.jpg,healthy
/kaggle/input/healthy-and-bleached-corals-image-classification/bleached_corals/15439279326_d9c95897d9_o.jpg,bleached
/kaggle/input/healthy-and-bleached-corals-image-classification/healthy_corals/4143552479_ea84d31442_o.jpg,healthy
/kaggle/input/healthy-and-bleached-corals-image-classification/bleached_corals/16100757799_d478793c8a_o.jpg,bleached
/kaggle/input/healthy-and-bleached-corals-image-classification/healthy_corals/38498617791_03094be472_b.jpg,healthy
/kaggle/input/healthy-and-bleached-corals-image-classification/healthy_corals/8357138741_906006f5d2_b.jpg,healthy
/kaggle/input/healthy-and-bleached-corals-image-classification/healthy_corals/6416341793_cb813b3982_o.jpg,healthy
/kaggle/input/healthy-and-bleached-corals-image-classification/healthy_corals/16281349881_9dc9651ca9_b.jpg,healthy
/kaggle/input/healthy-and-bleached-corals-image-classification/bleached_corals/4767496646_ef80bd09d9_o.jpg,bleached
/kaggle/input/healthy-and-bleached-corals-image-classification/healthy_corals/24341875049_3cc7febf0f_o.jpg,healthy
/kaggle/input/healthy-and-bleached-corals-image-classification/bleached_corals/23153468189_c2eddee896_o.jpg,bleached
/kaggle/input/healthy-and-bleached-corals-image-classification/healthy_corals/3926479603_77eaa018f3_b.jpg,healthy
/kaggle/input/healthy-and-bleached-corals-image-classification/bleached_corals/42528966131_2fd8e6bc80_b.jpg,bleached
/kaggle/input/healthy-and-bleached-corals-image-classification/healthy_corals/37564920810_6ecd16a608_b.jpg,healthy
/kaggle/input/healthy-and-bleached-corals-image-classification/bleached_corals/33129416104_3a0fc86b2d_o.jpg,bleached
/kaggle/input/healthy-and-bleached-corals-image-classification/bleached_corals/21179919203_4000d11d9a_b.jpg,bleached
/kaggle/input/healthy-and-bleached-corals-image-classification/healthy_corals/32093908242_e5fcc65ffa_o.jpg,healthy
/kaggle/input/healthy-and-bleached-corals-image-classification/healthy_corals/9330020561_fdf140acf8_o.jpg,healthy
/kaggle/input/healthy-and-bleached-corals-image-classification/healthy_corals/39182360692_5a9f2ccd82_b.jpg,healthy
/kaggle/input/healthy-and-bleached-corals-image-classification/healthy_corals/24056773005_70743784b6_o.jpg,healthy
/kaggle/input/healthy-and-bleached-corals-image-classification/bleached_corals/5476523991_8f3eebcd91_o.jpg,bleached
/kaggle/input/healthy-and-bleached-corals-image-classification/bleached_corals/14789910259_5cbc54b4eb_b.jpg,bleached
/kaggle/input/healthy-and-bleached-corals-image-classification/bleached_corals/5397427781_6609a2ea38_o.jpg,bleached
/kaggle/input/healthy-and-bleached-corals-image-classification/bleached_corals/30003515585_5b6cd9da6a_o.jpg,bleached
/kaggle/input/healthy-and-bleached-corals-image-classification/bleached_corals/18020028399_a77d06efbe_o.jpg,bleached
/kaggle/input/healthy-and-bleached-corals-image-classification/bleached_corals/6070197472_4564469b13_o.jpg,bleached
/kaggle/input/healthy-and-bleached-corals-image-classification/bleached_corals/33588720940_8f40949b4a_o.jpg,bleached
/kaggle/input/healthy-and-bleached-corals-image-classification/bleached_corals/4754537945_da82573160_o.jpg,bleached
/kaggle/input/healthy-and-bleached-corals-image-classification/bleached_corals/20660206283_09a9cf8136_o.jpg,bleached
/kaggle/input/healthy-and-bleached-corals-image-classification/healthy_corals/4293664935_3c015f2c4c_o.jpg,healthy
/kaggle/input/healthy-and-bleached-corals-image-classification/healthy_corals/8294412702_edaf04ef7b_b.jpg,healthy
/kaggle/input/healthy-and-bleached-corals-image-classification/bleached_corals/20618316440_b01f22c7be_o.jpg,bleached
/kaggle/input/healthy-and-bleached-corals-image-classification/healthy_corals/1521595499_5eff4d6429_o.jpg,healthy
/kaggle/input/healthy-and-bleached-corals-image-classification/healthy_corals/371626233_43ede84287_b.jpg,healthy
/kaggle/input/healthy-and-bleached-corals-image-classification/bleached_corals/29464086862_f90d17f870_b.jpg,bleached
/kaggle/input/healthy-and-bleached-corals-image-classification/bleached_corals/21206633720_eac69814f9_o.jpg,bleached
/kaggle/input/healthy-and-bleached-corals-image-classification/bleached_corals/36342347314_e968e21644_o.jpg,bleached
/kaggle/input/healthy-and-bleached-corals-image-classification/bleached_corals/4959974094_b29988f09b_o.jpg,bleached
/kaggle/input/healthy-and-bleached-corals-image-classification/healthy_corals/28866711638_4f7236227c_o.jpg,healthy
/kaggle/input/healthy-and-bleached-corals-image-classification/bleached_corals/8676905059_ce9b29a335_o.jpg,bleached
/kaggle/input/healthy-and-bleached-corals-image-classification/bleached_corals/15258568480_5a8ac65fab_o.jpg,bleached
/kaggle/input/healthy-and-bleached-corals-image-classification/healthy_corals/15989047435_00921238ff_b.jpg,healthy
/kaggle/input/healthy-and-bleached-corals-image-classification/bleached_corals/14976273702_2837d366d4_b.jpg,bleached
/kaggle/input/healthy-and-bleached-corals-image-classification/healthy_corals/9332798782_b3ca951eab_o.jpg,healthy
/kaggle/input/healthy-and-bleached-corals-image-classification/healthy_corals/14312866006_6e769f13f7_b.jpg,healthy
/kaggle/input/healthy-and-bleached-corals-image-classification/healthy_corals/38662947541_c1f92f20e3_o.jpg,healthy
/kaggle/input/healthy-and-bleached-corals-image-classification/healthy_corals/10493583423_65c6ddfc38_o.jpg,healthy
/kaggle/input/healthy-and-bleached-corals-image-classification/healthy_corals/6322630145_57c69d8e1a_b.jpg,healthy
/kaggle/input/healthy-and-bleached-corals-image-classification/bleached_corals/5318916908_9b56002abb_o.jpg,bleached
/kaggle/input/healthy-and-bleached-corals-image-classification/bleached_corals/27304994093_ea6064e76e_o.jpg,bleached
/kaggle/input/healthy-and-bleached-corals-image-classification/healthy_corals/27871063557_618b70f5e6_o.jpg,healthy
/kaggle/input/healthy-and-bleached-corals-image-classification/healthy_corals/6349794433_7656b74bac_b.jpg,healthy
/kaggle/input/healthy-and-bleached-corals-image-classification/bleached_corals/29396243653_9510bafb2d_o.jpg,bleached
/kaggle/input/healthy-and-bleached-corals-image-classification/healthy_corals/26436586198_2c7a15b7ff_b.jpg,healthy
/kaggle/input/healthy-and-bleached-corals-image-classification/bleached_corals/21386098942_2b4386041b_o.jpg,bleached
/kaggle/input/healthy-and-bleached-corals-image-classification/bleached_corals/24966944771_7376772635_b.jpg,bleached
/kaggle/input/healthy-and-bleached-corals-image-classification/bleached_corals/8198694405_086ee9d5c0_o.jpg,bleached
/kaggle/input/healthy-and-bleached-corals-image-classification/bleached_corals/5477123536_d1328ca814_o.jpg,bleached
/kaggle/input/healthy-and-bleached-corals-image-classification/bleached_corals/9411103659_88528f55ca_o.jpg,bleached
/kaggle/input/healthy-and-bleached-corals-image-classification/bleached_corals/9210965509_def9fcdaa9_o.jpg,bleached
/kaggle/input/healthy-and-bleached-corals-image-classification/healthy_corals/3927259688_f3aba15d93_b.jpg,healthy
/kaggle/input/healthy-and-bleached-corals-image-classification/healthy_corals/45822186001_e6a3c0c7a4_o.jpg,healthy
/kaggle/input/healthy-and-bleached-corals-image-classification/bleached_corals/34341300683_8829699ddb_o.jpg,bleached
/kaggle/input/healthy-and-bleached-corals-image-classification/bleached_corals/14164148280_5a30747885_o.jpg,bleached
/kaggle/input/healthy-and-bleached-corals-image-classification/bleached_corals/23296007370_095bb322d1_b.jpg,bleached
/kaggle/input/healthy-and-bleached-corals-image-classification/healthy_corals/13690780405_4178b502e1_b.jpg,healthy
/kaggle/input/healthy-and-bleached-corals-image-classification/healthy_corals/15198257869_084c9c0d3e_o.jpg,healthy
/kaggle/input/healthy-and-bleached-corals-image-classification/healthy_corals/4786967067_bea7d048f2_o.jpg,healthy
/kaggle/input/healthy-and-bleached-corals-image-classification/bleached_corals/14568406671_3429c5ce71_o.jpg,bleached
/kaggle/input/healthy-and-bleached-corals-image-classification/bleached_corals/22964660953_2eef577c58_b.jpg,bleached
/kaggle/input/healthy-and-bleached-corals-image-classification/bleached_corals/7755589630_4b268c72ac_o.jpg,bleached
/kaggle/input/healthy-and-bleached-corals-image-classification/healthy_corals/33812433714_0222a0719e_o.jpg,healthy
/kaggle/input/healthy-and-bleached-corals-image-classification/healthy_corals/11246578233_7ed3c3ac60_b.jpg,healthy
/kaggle/input/healthy-and-bleached-corals-image-classification/healthy_corals/3410650980_f13539931c_o.jpg,healthy
/kaggle/input/healthy-and-bleached-corals-image-classification/bleached_corals/5160420470_f769032510_o.jpg,bleached
/kaggle/input/healthy-and-bleached-corals-image-classification/bleached_corals/14818127674_b7ceea3543_o.jpg,bleached
/kaggle/input/healthy-and-bleached-corals-image-classification/healthy_corals/26796189236_250afb2ae6_o.jpg,healthy
/kaggle/input/healthy-and-bleached-corals-image-classification/bleached_corals/33129932334_7355a3ec15_o.jpg,bleached
/kaggle/input/healthy-and-bleached-corals-image-classification/bleached_corals/21386078352_33197739f0_o.jpg,bleached
/kaggle/input/healthy-and-bleached-corals-image-classification/bleached_corals/15274978947_0b3901fffc_o.jpg,bleached
/kaggle/input/healthy-and-bleached-corals-image-classification/bleached_corals/14790008018_d86c4b523a_b.jpg,bleached
/kaggle/input/healthy-and-bleached-corals-image-classification/healthy_corals/15231854301_195929c060_b.jpg,healthy
/kaggle/input/healthy-and-bleached-corals-image-classification/bleached_corals/4755197878_ff72a215cc_o.jpg,bleached
/kaggle/input/healthy-and-bleached-corals-image-classification/healthy_corals/28866721468_7e933f1a55_o.jpg,healthy
/kaggle/input/healthy-and-bleached-corals-image-classification/healthy_corals/2171646346_3ddc5d01a8_b.jpg,healthy
/kaggle/input/healthy-and-bleached-corals-image-classification/bleached_corals/27119208655_78d1206562_b.jpg,bleached
/kaggle/input/healthy-and-bleached-corals-image-classification/bleached_corals/14145016233_210d01eb5d_b.jpg,bleached
/kaggle/input/healthy-and-bleached-corals-image-classification/bleached_corals/6087054999_59b648535d_o.jpg,bleached
/kaggle/input/healthy-and-bleached-corals-image-classification/bleached_corals/8677989402_b5b5c62a00_o.jpg,bleached
/kaggle/input/healthy-and-bleached-corals-image-classification/bleached_corals/8676918397_9d924dcf1e_o.jpg,bleached
/kaggle/input/healthy-and-bleached-corals-image-classification/bleached_corals/14817411731_e5c8265c33_o.jpg,bleached
/kaggle/input/healthy-and-bleached-corals-image-classification/bleached_corals/4963809687_dd5d81d6b6_o.jpg,bleached
/kaggle/input/healthy-and-bleached-corals-image-classification/bleached_corals/33129926974_1316c32d2f_o.jpg,bleached
/kaggle/input/healthy-and-bleached-corals-image-classification/bleached_corals/29709666590_9d3215b393_o.jpg,bleached
/kaggle/input/healthy-and-bleached-corals-image-classification/bleached_corals/8727148303_17d591e0a6_o.jpg,bleached
/kaggle/input/healthy-and-bleached-corals-image-classification/bleached_corals/27436563583_1126863be6_o.jpg,bleached
/kaggle/input/healthy-and-bleached-corals-image-classification/healthy_corals/12969214845_56a70bcec4_b.jpg,healthy
/kaggle/input/healthy-and-bleached-corals-image-classification/healthy_corals/4389751172_034773e68b_b.jpg,healthy
/kaggle/input/healthy-and-bleached-corals-image-classification/bleached_corals/6832379570_3fd4e2757e_o.jpg,bleached
/kaggle/input/healthy-and-bleached-corals-image-classification/bleached_corals/1381897236_7096786d92_o.jpg,bleached
/kaggle/input/healthy-and-bleached-corals-image-classification/healthy_corals/36854204063_5dd6519245_b.jpg,healthy
/kaggle/input/healthy-and-bleached-corals-image-classification/healthy_corals/6392922683_52b1c97238_o.jpg,healthy
/kaggle/input/healthy-and-bleached-corals-image-classification/healthy_corals/6206969002_23982810ee_b.jpg,healthy
/kaggle/input/healthy-and-bleached-corals-image-classification/healthy_corals/9441941228_88f378a97c_o.jpg,healthy
/kaggle/input/healthy-and-bleached-corals-image-classification/healthy_corals/23632448078_9e2b0a29cd_b.jpg,healthy
/kaggle/input/healthy-and-bleached-corals-image-classification/bleached_corals/28897344361_d82aa3e05d_o.jpg,bleached
/kaggle/input/healthy-and-bleached-corals-image-classification/bleached_corals/28221231796_edf3c0ec4f_o.jpg,bleached
/kaggle/input/healthy-and-bleached-corals-image-classification/healthy_corals/2695636243_11a6454cec_b.jpg,healthy
/kaggle/input/healthy-and-bleached-corals-image-classification/bleached_corals/33932374186_c3f0eeb381_o.jpg,bleached
/kaggle/input/healthy-and-bleached-corals-image-classification/bleached_corals/36347843096_b16b5f1119_o.jpg,bleached
/kaggle/input/healthy-and-bleached-corals-image-classification/bleached_corals/40157599330_47e68204d2_o.jpg,bleached
/kaggle/input/healthy-and-bleached-corals-image-classification/healthy_corals/39809603602_bfc40c1f27_b.jpg,healthy
/kaggle/input/healthy-and-bleached-corals-image-classification/healthy_corals/2839037323_a2e2eccc93_b.jpg,healthy
/kaggle/input/healthy-and-bleached-corals-image-classification/bleached_corals/28245768540_96e6446e1a_o.jpg,bleached
/kaggle/input/healthy-and-bleached-corals-image-classification/healthy_corals/41361472770_73046a8f47_b.jpg,healthy
/kaggle/input/healthy-and-bleached-corals-image-classification/bleached_corals/5398026994_8e1486aa13_o.jpg,bleached
/kaggle/input/healthy-and-bleached-corals-image-classification/healthy_corals/11145406535_6de10d01b8_b.jpg,healthy
/kaggle/input/healthy-and-bleached-corals-image-classification/healthy_corals/15630580403_d03ba4726b_b.jpg,healthy
/kaggle/input/healthy-and-bleached-corals-image-classification/bleached_corals/8728234194_f8a133de23_o.jpg,bleached
/kaggle/input/healthy-and-bleached-corals-image-classification/bleached_corals/24490407035_064ed9aa67_o.jpg,bleached
/kaggle/input/healthy-and-bleached-corals-image-classification/bleached_corals/5101311705_3e5526d521_o.jpg,bleached
/kaggle/input/healthy-and-bleached-corals-image-classification/healthy_corals/24591750222_3423329a3a_o.jpg,healthy
/kaggle/input/healthy-and-bleached-corals-image-classification/healthy_corals/5281070226_2086955fdf_o.jpg,healthy
/kaggle/input/healthy-and-bleached-corals-image-classification/healthy_corals/8321496805_cf4350f8ac_b.jpg,healthy
/kaggle/input/healthy-and-bleached-corals-image-classification/healthy_corals/351293241_cdb1f7f38f_b.jpg,healthy
/kaggle/input/healthy-and-bleached-corals-image-classification/bleached_corals/8727066599_446006418d_o.jpg,bleached
/kaggle/input/healthy-and-bleached-corals-image-classification/bleached_corals/33973839505_218cd7cd11_o.jpg,bleached
/kaggle/input/healthy-and-bleached-corals-image-classification/healthy_corals/5737703759_588d757698_o.jpg,healthy
/kaggle/input/healthy-and-bleached-corals-image-classification/bleached_corals/22682754679_7095240f2f_o.jpg,bleached
/kaggle/input/healthy-and-bleached-corals-image-classification/bleached_corals/8677946826_be2f953cb0_o.jpg,bleached
/kaggle/input/healthy-and-bleached-corals-image-classification/bleached_corals/15455078924_8a5c350711_o.jpg,bleached
/kaggle/input/healthy-and-bleached-corals-image-classification/healthy_corals/10493549203_b71d6746b0_o.jpg,healthy
/kaggle/input/healthy-and-bleached-corals-image-classification/healthy_corals/8582807602_a4810feecc_b.jpg,healthy
/kaggle/input/healthy-and-bleached-corals-image-classification/bleached_corals/14818106454_cb8fdf9d33_o.jpg,bleached
/kaggle/input/healthy-and-bleached-corals-image-classification/healthy_corals/5644726283_36f3f6ef81_o.jpg,healthy
/kaggle/input/healthy-and-bleached-corals-image-classification/bleached_corals/22682756559_1bbd856415_o.jpg,bleached
/kaggle/input/healthy-and-bleached-corals-image-classification/bleached_corals/434365969_3d0c9c9647_o.jpg,bleached
/kaggle/input/healthy-and-bleached-corals-image-classification/healthy_corals/258220700_57a6934c82_o.jpg,healthy
/kaggle/input/healthy-and-bleached-corals-image-classification/bleached_corals/7503256700_b5de29a945_b.jpg,bleached
/kaggle/input/healthy-and-bleached-corals-image-classification/bleached_corals/19929371285_3a8a65ef21_b.jpg,bleached
/kaggle/input/healthy-and-bleached-corals-image-classification/bleached_corals/5975859265_71954f54a2_o.jpg,bleached
/kaggle/input/healthy-and-bleached-corals-image-classification/bleached_corals/36231074642_89f72a0329_o.jpg,bleached
/kaggle/input/healthy-and-bleached-corals-image-classification/healthy_corals/4635621107_c777dd8895_o.jpg,healthy
/kaggle/input/healthy-and-bleached-corals-image-classification/bleached_corals/33588597750_8e47385004_o.jpg,bleached
/kaggle/input/healthy-and-bleached-corals-image-classification/healthy_corals/16937078092_4e1cc772b0_o.jpg,healthy
/kaggle/input/healthy-and-bleached-corals-image-classification/bleached_corals/20818206781_fcee27a762_o.jpg,bleached
/kaggle/input/healthy-and-bleached-corals-image-classification/bleached_corals/14973500361_cb81e271b5_b.jpg,bleached
/kaggle/input/healthy-and-bleached-corals-image-classification/healthy_corals/9359755544_a953c819c0_o.jpg,healthy
/kaggle/input/healthy-and-bleached-corals-image-classification/bleached_corals/4819583169_106ff643c9_o.jpg,bleached
/kaggle/input/healthy-and-bleached-corals-image-classification/healthy_corals/32512434404_0b52a0083f_o.jpg,healthy
/kaggle/input/healthy-and-bleached-corals-image-classification/bleached_corals/14633884397_53d3dbe584_o.jpg,bleached
/kaggle/input/healthy-and-bleached-corals-image-classification/healthy_corals/14275733527_538cc8ddb6_o.jpg,healthy
/kaggle/input/healthy-and-bleached-corals-image-classification/bleached_corals/40157597050_bfa01019b5_o.jpg,bleached
/kaggle/input/healthy-and-bleached-corals-image-classification/healthy_corals/6416594393_75240b319f_o.jpg,healthy
/kaggle/input/healthy-and-bleached-corals-image-classification/bleached_corals/14899055185_0864fd159d_o.jpg,bleached
/kaggle/input/healthy-and-bleached-corals-image-classification/bleached_corals/14633837869_10399f720b_o.jpg,bleached
/kaggle/input/healthy-and-bleached-corals-image-classification/healthy_corals/13988162295_c08e9d6675_o.jpg,healthy
/kaggle/input/healthy-and-bleached-corals-image-classification/bleached_corals/14820105082_7e7c9eeae3_o.jpg,bleached
/kaggle/input/healthy-and-bleached-corals-image-classification/healthy_corals/26922708231_80054910b6_o.jpg,healthy
/kaggle/input/healthy-and-bleached-corals-image-classification/bleached_corals/4779169249_6695c013bd_o.jpg,bleached
/kaggle/input/healthy-and-bleached-corals-image-classification/healthy_corals/33812442424_d050b8146e_o.jpg,healthy
/kaggle/input/healthy-and-bleached-corals-image-classification/healthy_corals/12337435893_f2f44ea3f1_o.jpg,healthy
/kaggle/input/healthy-and-bleached-corals-image-classification/healthy_corals/27490998752_20fca54cf1_b.jpg,healthy
/kaggle/input/healthy-and-bleached-corals-image-classification/healthy_corals/258220654_d6a0f5c943_b.jpg,healthy
/kaggle/input/healthy-and-bleached-corals-image-classification/bleached_corals/10415679866_6eea4769f6_o.jpg,bleached
/kaggle/input/healthy-and-bleached-corals-image-classification/healthy_corals/2171646290_99cf9c0913_b.jpg,healthy
/kaggle/input/healthy-and-bleached-corals-image-classification/bleached_corals/4735410240_1c564c987b_o.jpg,bleached
/kaggle/input/healthy-and-bleached-corals-image-classification/bleached_corals/40202297452_7beb50f6fe_o.jpg,bleached
/kaggle/input/healthy-and-bleached-corals-image-classification/bleached_corals/8727216555_4686cec662_o.jpg,bleached
/kaggle/input/healthy-and-bleached-corals-image-classification/bleached_corals/3406482805_1ec07bfa93_o.jpg,bleached
/kaggle/input/healthy-and-bleached-corals-image-classification/healthy_corals/15048257100_618327846f_b.jpg,healthy
/kaggle/input/healthy-and-bleached-corals-image-classification/healthy_corals/2520362848_d8832f50ee_o.jpg,healthy
/kaggle/input/healthy-and-bleached-corals-image-classification/healthy_corals/6392782651_d691056a89_o.jpg,healthy
/kaggle/input/healthy-and-bleached-corals-image-classification/healthy_corals/8413785183_856716732c_o.jpg,healthy
/kaggle/input/healthy-and-bleached-corals-image-classification/healthy_corals/6064723340_458d304cc0_o.jpg,healthy
/kaggle/input/healthy-and-bleached-corals-image-classification/healthy_corals/9332768994_299b9bcd17_o.jpg,healthy
/kaggle/input/healthy-and-bleached-corals-image-classification/bleached_corals/14274360077_c2f8b1fa39_o.jpg,bleached
/kaggle/input/healthy-and-bleached-corals-image-classification/bleached_corals/5580755283_5c6a5bcb68_o.jpg,bleached
/kaggle/input/healthy-and-bleached-corals-image-classification/healthy_corals/23885424111_ec52086cbc_o.jpg,healthy
/kaggle/input/healthy-and-bleached-corals-image-classification/healthy_corals/8727971592_8cac437e71_b.jpg,healthy
/kaggle/input/healthy-and-bleached-corals-image-classification/healthy_corals/8467855469_1f437654b7_o.jpg,healthy
/kaggle/input/healthy-and-bleached-corals-image-classification/bleached_corals/8467855469_1f437654b7_o.jpg,bleached
/kaggle/input/healthy-and-bleached-corals-image-classification/bleached_corals/16045766992_ffecf39d86_o.jpg,bleached
/kaggle/input/healthy-and-bleached-corals-image-classification/bleached_corals/34287211626_e7dbae7152_o.jpg,bleached
/kaggle/input/healthy-and-bleached-corals-image-classification/healthy_corals/7174136896_96817e8eaa_o.jpg,healthy
/kaggle/input/healthy-and-bleached-corals-image-classification/bleached_corals/5476519727_9dbd0c046d_o.jpg,bleached
/kaggle/input/healthy-and-bleached-corals-image-classification/bleached_corals/4779803318_408d95a815_o.jpg,bleached
/kaggle/input/healthy-and-bleached-corals-image-classification/healthy_corals/4293664201_112d4c26ea_o.jpg,healthy
/kaggle/input/healthy-and-bleached-corals-image-classification/healthy_corals/5896332015_2d26269832_b.jpg,healthy
/kaggle/input/healthy-and-bleached-corals-image-classification/bleached_corals/37704939651_ac45ce0dbd_o.jpg,bleached
/kaggle/input/healthy-and-bleached-corals-image-classification/bleached_corals/4995358229_ccf310e19c_o.jpg,bleached
/kaggle/input/healthy-and-bleached-corals-image-classification/healthy_corals/8093146682_13ed785e03_b.jpg,healthy
/kaggle/input/healthy-and-bleached-corals-image-classification/healthy_corals/4862513133_173f51ea63_o.jpg,healthy
/kaggle/input/healthy-and-bleached-corals-image-classification/bleached_corals/1558786009_097a857b64_b.jpg,bleached
/kaggle/input/healthy-and-bleached-corals-image-classification/healthy_corals/43150316981_59f9f193b4_o.jpg,healthy
/kaggle/input/healthy-and-bleached-corals-image-classification/healthy_corals/4843892336_9b9b02d591_b.jpg,healthy
/kaggle/input/healthy-and-bleached-corals-image-classification/bleached_corals/28687855020_932104291a_o.jpg,bleached
/kaggle/input/healthy-and-bleached-corals-image-classification/healthy_corals/189518468_76ff603ccc_b.jpg,healthy
/kaggle/input/healthy-and-bleached-corals-image-classification/bleached_corals/36640519500_a68293d55b_o.jpg,bleached
/kaggle/input/healthy-and-bleached-corals-image-classification/bleached_corals/8191881180_cf63529ebb_o.jpg,bleached
/kaggle/input/healthy-and-bleached-corals-image-classification/bleached_corals/31493615942_5e69542276_b.jpg,bleached
/kaggle/input/healthy-and-bleached-corals-image-classification/healthy_corals/5236473213_5bec373a9b_o.jpg,healthy
/kaggle/input/healthy-and-bleached-corals-image-classification/bleached_corals/14820481395_fb79e2d700_o.jpg,bleached
/kaggle/input/healthy-and-bleached-corals-image-classification/healthy_corals/2888971420_acab6bcd02_o.jpg,healthy
/kaggle/input/healthy-and-bleached-corals-image-classification/healthy_corals/40366279442_20884ab357_b.jpg,healthy
/kaggle/input/healthy-and-bleached-corals-image-classification/bleached_corals/36342352044_4d23dea00d_o.jpg,bleached
/kaggle/input/healthy-and-bleached-corals-image-classification/bleached_corals/14953626026_f654e62774_b.jpg,bleached
/kaggle/input/healthy-and-bleached-corals-image-classification/bleached_corals/4957308250_5111ff6578_o.jpg,bleached
/kaggle/input/healthy-and-bleached-corals-image-classification/healthy_corals/39150889115_95ba1652b3_b.jpg,healthy
/kaggle/input/healthy-and-bleached-corals-image-classification/healthy_corals/10829442286_2f4c92499a_o.jpg,healthy
/kaggle/input/healthy-and-bleached-corals-image-classification/bleached_corals/28687860430_e8f3f57eba_o.jpg,bleached
/kaggle/input/healthy-and-bleached-corals-image-classification/bleached_corals/14633855778_107f05cba3_o.jpg,bleached
/kaggle/input/healthy-and-bleached-corals-image-classification/healthy_corals/9340174435_089eeb2c63_o.jpg,healthy
/kaggle/input/healthy-and-bleached-corals-image-classification/bleached_corals/14817357391_1eaab3c8a5_o.jpg,bleached
/kaggle/input/healthy-and-bleached-corals-image-classification/bleached_corals/5656694075_ccd39bb487_o.jpg,bleached
/kaggle/input/healthy-and-bleached-corals-image-classification/bleached_corals/5095123502_96243e475c_o.jpg,bleached
/kaggle/input/healthy-and-bleached-corals-image-classification/healthy_corals/10493584423_d1cebfd4dd_o.jpg,healthy
/kaggle/input/healthy-and-bleached-corals-image-classification/healthy_corals/7152050767_96506223da_b.jpg,healthy
/kaggle/input/healthy-and-bleached-corals-image-classification/bleached_corals/5397336049_ee59bba5d0_o.jpg,bleached
/kaggle/input/healthy-and-bleached-corals-image-classification/bleached_corals/4964276472_37e15e68b1_o.jpg,bleached
/kaggle/input/healthy-and-bleached-corals-image-classification/bleached_corals/16795102656_6620f25c87_o.jpg,bleached
/kaggle/input/healthy-and-bleached-corals-image-classification/bleached_corals/21371610446_a98232091b_o.jpg,bleached
/kaggle/input/healthy-and-bleached-corals-image-classification/healthy_corals/6244081524_b8e1b32fa9_o.jpg,healthy
/kaggle/input/healthy-and-bleached-corals-image-classification/healthy_corals/13303462573_a101a071be_b.jpg,healthy
/kaggle/input/healthy-and-bleached-corals-image-classification/healthy_corals/16247095909_deb58fc907_b.jpg,healthy
/kaggle/input/healthy-and-bleached-corals-image-classification/bleached_corals/9399125405_a3672a192f_o.jpg,bleached
/kaggle/input/healthy-and-bleached-corals-image-classification/healthy_corals/14318242634_fce485d3fc_b.jpg,healthy
/kaggle/input/healthy-and-bleached-corals-image-classification/bleached_corals/30022664915_53a5dd62cd_o.jpg,bleached
/kaggle/input/healthy-and-bleached-corals-image-classification/bleached_corals/14101776356_d4d9038de3_b.jpg,bleached
/kaggle/input/healthy-and-bleached-corals-image-classification/healthy_corals/2802513078_15f2bfac7f_o.jpg,healthy
/kaggle/input/healthy-and-bleached-corals-image-classification/bleached_corals/8728344094_936eae9c92_o.jpg,bleached
/kaggle/input/healthy-and-bleached-corals-image-classification/bleached_corals/8051294849_65bacafde8_o.jpg,bleached
/kaggle/input/healthy-and-bleached-corals-image-classification/bleached_corals/11531111734_db61a343f5_o.jpg,bleached
/kaggle/input/healthy-and-bleached-corals-image-classification/bleached_corals/7174750970_0dd3823402_o.jpg,bleached
/kaggle/input/healthy-and-bleached-corals-image-classification/bleached_corals/8728204090_1ebb8e8d9f_o.jpg,bleached
/kaggle/input/healthy-and-bleached-corals-image-classification/healthy_corals/1007788673_ced6bb5451_o.jpg,healthy
/kaggle/input/healthy-and-bleached-corals-image-classification/healthy_corals/7691994886_98385c4288_o.jpg,healthy
/kaggle/input/healthy-and-bleached-corals-image-classification/healthy_corals/27473012532_c1f88662bc_b.jpg,healthy
/kaggle/input/healthy-and-bleached-corals-image-classification/bleached_corals/33931923806_ec6d84123c_o.jpg,bleached
/kaggle/input/healthy-and-bleached-corals-image-classification/bleached_corals/7856370224_db8e94d246_o.jpg,bleached
/kaggle/input/healthy-and-bleached-corals-image-classification/bleached_corals/22656668027_6fde0036f0_o.jpg,bleached
/kaggle/input/healthy-and-bleached-corals-image-classification/healthy_corals/6198055206_ccc4d335aa_b.jpg,healthy
/kaggle/input/healthy-and-bleached-corals-image-classification/healthy_corals/46237746095_37b6513496_b.jpg,healthy
/kaggle/input/healthy-and-bleached-corals-image-classification/healthy_corals/14470460565_6f6145898b_b.jpg,healthy
/kaggle/input/healthy-and-bleached-corals-image-classification/healthy_corals/14226066883_218d2fd5f8_b.jpg,healthy
/kaggle/input/healthy-and-bleached-corals-image-classification/bleached_corals/13938317528_37c28de1ed_b.jpg,bleached
/kaggle/input/healthy-and-bleached-corals-image-classification/healthy_corals/39088184612_3082e80363_b.jpg,healthy
/kaggle/input/healthy-and-bleached-corals-image-classification/bleached_corals/4559840851_d9c7ac357c_o.jpg,bleached
/kaggle/input/healthy-and-bleached-corals-image-classification/bleached_corals/8678002474_1200606639_o.jpg,bleached
/kaggle/input/healthy-and-bleached-corals-image-classification/bleached_corals/16054557555_ae60599e1b_o.jpg,bleached
/kaggle/input/healthy-and-bleached-corals-image-classification/bleached_corals/8051298662_3d04161c19_o.jpg,bleached
/kaggle/input/healthy-and-bleached-corals-image-classification/healthy_corals/19692855118_6c7a8bf495_o.jpg,healthy
/kaggle/input/healthy-and-bleached-corals-image-classification/healthy_corals/23540596013_f1c0f73646_o.jpg,healthy
/kaggle/input/healthy-and-bleached-corals-image-classification/bleached_corals/8727070277_6f0b470667_o.jpg,bleached
/kaggle/input/healthy-and-bleached-corals-image-classification/bleached_corals/4117345237_96cd1dc700_o.jpg,bleached
/kaggle/input/healthy-and-bleached-corals-image-classification/healthy_corals/9511909153_ea27e2ec63_o.jpg,healthy
/kaggle/input/healthy-and-bleached-corals-image-classification/bleached_corals/9499958430_ff6b1cba94_o.jpg,bleached
/kaggle/input/healthy-and-bleached-corals-image-classification/healthy_corals/7344648314_ebdcbf0331_b.jpg,healthy
/kaggle/input/healthy-and-bleached-corals-image-classification/bleached_corals/27506264306_43bc326780_o.jpg,bleached
/kaggle/input/healthy-and-bleached-corals-image-classification/bleached_corals/8514121744_567b5db215_o.jpg,bleached
/kaggle/input/healthy-and-bleached-corals-image-classification/healthy_corals/7016193851_c8203ff419_o.jpg,healthy
/kaggle/input/healthy-and-bleached-corals-image-classification/healthy_corals/8046848389_b41fa65b94_b.jpg,healthy
/kaggle/input/healthy-and-bleached-corals-image-classification/bleached_corals/7008825923_b14bd7829f_o.jpg,bleached
/kaggle/input/healthy-and-bleached-corals-image-classification/healthy_corals/11386829083_24acdc937a_b.jpg,healthy
/kaggle/input/healthy-and-bleached-corals-image-classification/healthy_corals/15801818570_08c6f959de_b.jpg,healthy
/kaggle/input/healthy-and-bleached-corals-image-classification/bleached_corals/8424234521_3346e821dc_o.jpg,bleached
/kaggle/input/healthy-and-bleached-corals-image-classification/healthy_corals/26393704790_c28f7d0ea5_o.jpg,healthy
/kaggle/input/healthy-and-bleached-corals-image-classification/healthy_corals/26152550073_2e5e4b9275_b.jpg,healthy
/kaggle/input/healthy-and-bleached-corals-image-classification/bleached_corals/33588714670_c71643e0f7_o.jpg,bleached
/kaggle/input/healthy-and-bleached-corals-image-classification/healthy_corals/31666952395_fcfcf9b079_o.jpg,healthy
/kaggle/input/healthy-and-bleached-corals-image-classification/healthy_corals/22452237124_d8c33b3a18_o.jpg,healthy
/kaggle/input/healthy-and-bleached-corals-image-classification/bleached_corals/14948757477_ec668ebe8d_o.jpg,bleached
/kaggle/input/healthy-and-bleached-corals-image-classification/bleached_corals/4424086363_af89dc30ea_o.jpg,bleached
/kaggle/input/healthy-and-bleached-corals-image-classification/healthy_corals/3524507709_bac8fccaac_b.jpg,healthy
/kaggle/input/healthy-and-bleached-corals-image-classification/healthy_corals/23614944792_fecf9b26c4_b.jpg,healthy
/kaggle/input/healthy-and-bleached-corals-image-classification/healthy_corals/7653964088_cd4b425a2f_o.jpg,healthy
/kaggle/input/healthy-and-bleached-corals-image-classification/bleached_corals/32394123080_c64abb4245_b.jpg,bleached
/kaggle/input/healthy-and-bleached-corals-image-classification/healthy_corals/4413121542_0267145b10_o.jpg,healthy
/kaggle/input/healthy-and-bleached-corals-image-classification/bleached_corals/27066547605_be56102690_o.jpg,bleached
/kaggle/input/healthy-and-bleached-corals-image-classification/healthy_corals/8010345006_71ea193b74_o.jpg,healthy
/kaggle/input/healthy-and-bleached-corals-image-classification/healthy_corals/39826517352_cd031d0296_o.jpg,healthy
/kaggle/input/healthy-and-bleached-corals-image-classification/healthy_corals/33014785505_8113a97075_o.jpg,healthy
/kaggle/input/healthy-and-bleached-corals-image-classification/healthy_corals/5852430779_3ac2e828c2_o.jpg,healthy
/kaggle/input/healthy-and-bleached-corals-image-classification/healthy_corals/22667391159_23d0fbc8a7_o.jpg,healthy
/kaggle/input/healthy-and-bleached-corals-image-classification/bleached_corals/30007500886_8d3c5cf483_o.jpg,bleached
/kaggle/input/healthy-and-bleached-corals-image-classification/bleached_corals/8727104771_c59eeb1180_o.jpg,bleached
/kaggle/input/healthy-and-bleached-corals-image-classification/healthy_corals/8676198199_4821cc1113_b.jpg,healthy
/kaggle/input/healthy-and-bleached-corals-image-classification/healthy_corals/6398197229_afab7194b7_o.jpg,healthy
/kaggle/input/healthy-and-bleached-corals-image-classification/bleached_corals/6255567194_9a0b30bd07_o.jpg,bleached
/kaggle/input/healthy-and-bleached-corals-image-classification/bleached_corals/31603367546_e389da99f6_b.jpg,bleached
/kaggle/input/healthy-and-bleached-corals-image-classification/bleached_corals/8727090033_c3b2073e44_o.jpg,bleached
/kaggle/input/healthy-and-bleached-corals-image-classification/healthy_corals/1063594275_418daec726_b.jpg,healthy
/kaggle/input/healthy-and-bleached-corals-image-classification/bleached_corals/6416262147_e65c4e5c31_o.jpg,bleached
/kaggle/input/healthy-and-bleached-corals-image-classification/healthy_corals/47812521491_4501f94f1a_o.jpg,healthy
/kaggle/input/healthy-and-bleached-corals-image-classification/healthy_corals/13117980675_d7ec7ab75d_o.jpg,healthy
/kaggle/input/healthy-and-bleached-corals-image-classification/healthy_corals/8358200706_9d8b0034d7_b.jpg,healthy
/kaggle/input/healthy-and-bleached-corals-image-classification/healthy_corals/42494890501_97b79fe2e9_b.jpg,healthy
/kaggle/input/healthy-and-bleached-corals-image-classification/bleached_corals/4755200300_ef8f226f57_o.jpg,bleached
/kaggle/input/healthy-and-bleached-corals-image-classification/bleached_corals/33675816731_6b098be616_o.jpg,bleached
/kaggle/input/healthy-and-bleached-corals-image-classification/healthy_corals/847115147_17aafa5859_b.jpg,healthy
/kaggle/input/healthy-and-bleached-corals-image-classification/bleached_corals/15274822310_e51574c530_o.jpg,bleached
/kaggle/input/healthy-and-bleached-corals-image-classification/bleached_corals/4956663075_0770bf5b87_o.jpg,bleached
/kaggle/input/healthy-and-bleached-corals-image-classification/bleached_corals/3866725705_7317bcf9ac_b.jpg,bleached
/kaggle/input/healthy-and-bleached-corals-image-classification/healthy_corals/9944219035_5c47b13e8f_o.jpg,healthy
/kaggle/input/healthy-and-bleached-corals-image-classification/bleached_corals/33588598730_187e4e0abb_o.jpg,bleached
/kaggle/input/healthy-and-bleached-corals-image-classification/healthy_corals/13984949252_b23f0816b6_o.jpg,healthy
/kaggle/input/healthy-and-bleached-corals-image-classification/bleached_corals/36027918170_a8e86d6c0c_o.jpg,bleached
/kaggle/input/healthy-and-bleached-corals-image-classification/healthy_corals/33872791628_d3fd01a2c3_o.jpg,healthy
/kaggle/input/healthy-and-bleached-corals-image-classification/healthy_corals/6416177627_3fdcee9624_o.jpg,healthy
/kaggle/input/healthy-and-bleached-corals-image-classification/healthy_corals/11127107015_fee1d4a2ab_b.jpg,healthy
/kaggle/input/healthy-and-bleached-corals-image-classification/bleached_corals/27422054193_85151265dc_o.jpg,bleached
/kaggle/input/healthy-and-bleached-corals-image-classification/bleached_corals/5815350035_8f2f1f2511_o.jpg,bleached
/kaggle/input/healthy-and-bleached-corals-image-classification/healthy_corals/6822512557_65c772e3d5_b.jpg,healthy
/kaggle/input/healthy-and-bleached-corals-image-classification/healthy_corals/14376372646_1a2a705ded_b.jpg,healthy
/kaggle/input/healthy-and-bleached-corals-image-classification/bleached_corals/6102472296_547b7bf30c_o.jpg,bleached
/kaggle/input/healthy-and-bleached-corals-image-classification/healthy_corals/2361452424_8307b3af8a_b.jpg,healthy
/kaggle/input/healthy-and-bleached-corals-image-classification/healthy_corals/41963669802_1507b37b03_b.jpg,healthy
/kaggle/input/healthy-and-bleached-corals-image-classification/bleached_corals/5397426883_1bc9b131a9_o.jpg,bleached
/kaggle/input/healthy-and-bleached-corals-image-classification/healthy_corals/27255427184_bd1c03fbd8_b.jpg,healthy
/kaggle/input/healthy-and-bleached-corals-image-classification/healthy_corals/7465120086_e31e1c3a1e_o.jpg,healthy
/kaggle/input/healthy-and-bleached-corals-image-classification/bleached_corals/20185353413_0f8bf6c6bf_o.jpg,bleached
/kaggle/input/healthy-and-bleached-corals-image-classification/healthy_corals/5161484142_8cb5690157_b.jpg,healthy
/kaggle/input/healthy-and-bleached-corals-image-classification/healthy_corals/9332741280_71faea8c6f_o.jpg,healthy
/kaggle/input/healthy-and-bleached-corals-image-classification/bleached_corals/4636280115_a697b5187e_o.jpg,bleached
/kaggle/input/healthy-and-bleached-corals-image-classification/bleached_corals/28423513792_4a125dd2b2_o.jpg,bleached
/kaggle/input/healthy-and-bleached-corals-image-classification/healthy_corals/4997819967_364d2bfd89_o.jpg,healthy
/kaggle/input/healthy-and-bleached-corals-image-classification/healthy_corals/28733386921_7185a0ce26_b.jpg,healthy
/kaggle/input/healthy-and-bleached-corals-image-classification/healthy_corals/40185009471_b684d3a737_o.jpg,healthy
/kaggle/input/healthy-and-bleached-corals-image-classification/healthy_corals/42740096541_84aca93b88_o.jpg,healthy
/kaggle/input/healthy-and-bleached-corals-image-classification/bleached_corals/876246000_b90c98b818_o.jpg,bleached
/kaggle/input/healthy-and-bleached-corals-image-classification/healthy_corals/15801689118_e036063c42_b.jpg,healthy
/kaggle/input/healthy-and-bleached-corals-image-classification/healthy_corals/23429997743_cc192b21e1_o.jpg,healthy
/kaggle/input/healthy-and-bleached-corals-image-classification/healthy_corals/6339509538_3c8e81b525_o.jpg,healthy
/kaggle/input/healthy-and-bleached-corals-image-classification/bleached_corals/21386084092_8d3f55502d_o.jpg,bleached
/kaggle/input/healthy-and-bleached-corals-image-classification/bleached_corals/18202562962_3aaed30f4c_o.jpg,bleached
/kaggle/input/healthy-and-bleached-corals-image-classification/bleached_corals/21384866822_56597a2d0b_o.jpg,bleached
/kaggle/input/healthy-and-bleached-corals-image-classification/healthy_corals/7368133328_6081a1e06c_b.jpg,healthy
/kaggle/input/healthy-and-bleached-corals-image-classification/healthy_corals/26367556228_341a4d40dc_o.jpg,healthy
/kaggle/input/healthy-and-bleached-corals-image-classification/healthy_corals/6392798937_94f6d25dd9_o.jpg,healthy
/kaggle/input/healthy-and-bleached-corals-image-classification/healthy_corals/4978266205_413139655a_o.jpg,healthy
/kaggle/input/healthy-and-bleached-corals-image-classification/healthy_corals/7356450624_0089468407_b.jpg,healthy
/kaggle/input/healthy-and-bleached-corals-image-classification/healthy_corals/15989070145_fa6bf493a8_b.jpg,healthy
/kaggle/input/healthy-and-bleached-corals-image-classification/healthy_corals/4258299467_2161337db1_o.jpg,healthy
/kaggle/input/healthy-and-bleached-corals-image-classification/healthy_corals/9329967925_dd6a659991_o.jpg,healthy
/kaggle/input/healthy-and-bleached-corals-image-classification/bleached_corals/33932503076_79a24a44bb_o.jpg,bleached
/kaggle/input/healthy-and-bleached-corals-image-classification/healthy_corals/46896204665_1929ced70a_o.jpg,healthy
/kaggle/input/healthy-and-bleached-corals-image-classification/bleached_corals/33588609230_cca22c4f5e_o.jpg,bleached
/kaggle/input/healthy-and-bleached-corals-image-classification/healthy_corals/20260886321_565b135745_o.jpg,healthy
/kaggle/input/healthy-and-bleached-corals-image-classification/healthy_corals/12440017704_068016572a_o.jpg,healthy
/kaggle/input/healthy-and-bleached-corals-image-classification/bleached_corals/10160888014_be7c71167c_o.jpg,bleached
/kaggle/input/healthy-and-bleached-corals-image-classification/bleached_corals/23086238271_17b0c935c6_o.jpg,bleached
/kaggle/input/healthy-and-bleached-corals-image-classification/healthy_corals/5738156571_3bf772486c_o.jpg,healthy
/kaggle/input/healthy-and-bleached-corals-image-classification/healthy_corals/5418510042_e7eecef7cf_b.jpg,healthy
/kaggle/input/healthy-and-bleached-corals-image-classification/bleached_corals/8133408506_18a3cb9302_b.jpg,bleached
/kaggle/input/healthy-and-bleached-corals-image-classification/bleached_corals/15664466994_c2ac518442_o.jpg,bleached
/kaggle/input/healthy-and-bleached-corals-image-classification/bleached_corals/12082131116_5d81a09e1b_b.jpg,bleached
/kaggle/input/healthy-and-bleached-corals-image-classification/bleached_corals/28451705821_81e5e02bb1_o.jpg,bleached
/kaggle/input/healthy-and-bleached-corals-image-classification/healthy_corals/1347803447_4834a50509_o.jpg,healthy
/kaggle/input/healthy-and-bleached-corals-image-classification/bleached_corals/10033870215_3664757d59_o.jpg,bleached
/kaggle/input/healthy-and-bleached-corals-image-classification/healthy_corals/41019416742_f231d0b5c9_b.jpg,healthy
/kaggle/input/healthy-and-bleached-corals-image-classification/healthy_corals/29867276807_60bb16bcf0_o.jpg,healthy
/kaggle/input/healthy-and-bleached-corals-image-classification/healthy_corals/34524373301_1597f6cc2b_o.jpg,healthy
/kaggle/input/healthy-and-bleached-corals-image-classification/healthy_corals/16491749336_f1faed4801_o.jpg,healthy
/kaggle/input/healthy-and-bleached-corals-image-classification/healthy_corals/5618013486_d27989889b_o.jpg,healthy
/kaggle/input/healthy-and-bleached-corals-image-classification/bleached_corals/14817388631_ab56ca8a1a_o.jpg,bleached
/kaggle/input/healthy-and-bleached-corals-image-classification/bleached_corals/5398027844_8bc0ca47b0_o.jpg,bleached
/kaggle/input/healthy-and-bleached-corals-image-classification/bleached_corals/33973729485_c96551a614_o.jpg,bleached
/kaggle/input/healthy-and-bleached-corals-image-classification/bleached_corals/23412941452_1b8351f0de_o.jpg,bleached
/kaggle/input/healthy-and-bleached-corals-image-classification/bleached_corals/5397335807_989d35218b_o.jpg,bleached
/kaggle/input/healthy-and-bleached-corals-image-classification/bleached_corals/14976247152_2312ebb047_b.jpg,bleached
/kaggle/input/healthy-and-bleached-corals-image-classification/healthy_corals/1069324577_97beed8753_b.jpg,healthy
/kaggle/input/healthy-and-bleached-corals-image-classification/healthy_corals/15047039759_621db18fb1_b.jpg,healthy
/kaggle/input/healthy-and-bleached-corals-image-classification/bleached_corals/6255566104_60e386a784_o.jpg,bleached
/kaggle/input/healthy-and-bleached-corals-image-classification/healthy_corals/41488427102_cc887db9ee_b.jpg,healthy
/kaggle/input/healthy-and-bleached-corals-image-classification/bleached_corals/5029971610_0f3d8417d9_o.jpg,bleached
/kaggle/input/healthy-and-bleached-corals-image-classification/healthy_corals/12618485353_670ca1b648_o.jpg,healthy
/kaggle/input/healthy-and-bleached-corals-image-classification/bleached_corals/9507884172_20ee003055_o.jpg,bleached
/kaggle/input/healthy-and-bleached-corals-image-classification/bleached_corals/36781528600_78527e140c_o.jpg,bleached
/kaggle/input/healthy-and-bleached-corals-image-classification/healthy_corals/35788003732_de0a0a6f2b_o.jpg,healthy
/kaggle/input/healthy-and-bleached-corals-image-classification/healthy_corals/38060480122_34ebf5710d_b.jpg,healthy
/kaggle/input/healthy-and-bleached-corals-image-classification/bleached_corals/7215191230_980c8f0bc4_o.jpg,bleached
/kaggle/input/healthy-and-bleached-corals-image-classification/bleached_corals/19256646336_b78ce3d64f_o.jpg,bleached
/kaggle/input/healthy-and-bleached-corals-image-classification/bleached_corals/7173611516_66280e1fda_o.jpg,bleached
/kaggle/input/healthy-and-bleached-corals-image-classification/healthy_corals/26393702680_ef78351224_o.jpg,healthy
/kaggle/input/healthy-and-bleached-corals-image-classification/bleached_corals/20184298293_3e0d0c5b6f_o.jpg,bleached
/kaggle/input/healthy-and-bleached-corals-image-classification/healthy_corals/6801006834_9742397847_o.jpg,healthy
/kaggle/input/healthy-and-bleached-corals-image-classification/healthy_corals/5739952458_2f2ac24793_b.jpg,healthy
/kaggle/input/healthy-and-bleached-corals-image-classification/healthy_corals/7276689024_e85850b828_o.jpg,healthy
/kaggle/input/healthy-and-bleached-corals-image-classification/healthy_corals/29248045310_893cd3c116_b.jpg,healthy
/kaggle/input/healthy-and-bleached-corals-image-classification/healthy_corals/44044291864_7c29c019d3_b.jpg,healthy
/kaggle/input/healthy-and-bleached-corals-image-classification/bleached_corals/4937746018_e3163e5279_o.jpg,bleached
/kaggle/input/healthy-and-bleached-corals-image-classification/bleached_corals/7722030932_048e6f76d1_b.jpg,bleached
/kaggle/input/healthy-and-bleached-corals-image-classification/bleached_corals/18179620866_b2d98c8421_o.jpg,bleached
/kaggle/input/healthy-and-bleached-corals-image-classification/healthy_corals/5737954148_cf4e6fa0c0_o.jpg,healthy
/kaggle/input/healthy-and-bleached-corals-image-classification/bleached_corals/11976060315_0d2386683a_b.jpg,bleached
/kaggle/input/healthy-and-bleached-corals-image-classification/bleached_corals/7634353180_ec521079cd_o.jpg,bleached
/kaggle/input/healthy-and-bleached-corals-image-classification/bleached_corals/28868750612_69bac0fd99_o.jpg,bleached
/kaggle/input/healthy-and-bleached-corals-image-classification/bleached_corals/8728339648_d2be03bbc6_o.jpg,bleached
/kaggle/input/healthy-and-bleached-corals-image-classification/healthy_corals/23502324115_e23457356b_b.jpg,healthy
/kaggle/input/healthy-and-bleached-corals-image-classification/healthy_corals/41419965174_99109b3ff1_b.jpg,healthy
/kaggle/input/healthy-and-bleached-corals-image-classification/bleached_corals/14953638446_6f93d0ce79_b.jpg,bleached
/kaggle/input/healthy-and-bleached-corals-image-classification/healthy_corals/3618532552_c355cbc853_b.jpg,healthy
/kaggle/input/healthy-and-bleached-corals-image-classification/healthy_corals/9788855913_8ae00c777f_o.jpg,healthy
/kaggle/input/healthy-and-bleached-corals-image-classification/bleached_corals/21470830162_8e33d13683_b.jpg,bleached
/kaggle/input/healthy-and-bleached-corals-image-classification/healthy_corals/4312534308_dcd0816fb3_o.jpg,healthy
/kaggle/input/healthy-and-bleached-corals-image-classification/bleached_corals/8296827679_8ecf78eedd_b.jpg,bleached
/kaggle/input/healthy-and-bleached-corals-image-classification/bleached_corals/14817358081_24c76fd71c_o.jpg,bleached
/kaggle/input/healthy-and-bleached-corals-image-classification/bleached_corals/14450856225_4391fc43c4_b.jpg,bleached
/kaggle/input/healthy-and-bleached-corals-image-classification/healthy_corals/6392215725_c5423df58c_o.jpg,healthy
/kaggle/input/healthy-and-bleached-corals-image-classification/bleached_corals/6207874245_8fac147a7e_b.jpg,bleached
/kaggle/input/healthy-and-bleached-corals-image-classification/bleached_corals/15891590697_1de031ef13_o.jpg,bleached
/kaggle/input/healthy-and-bleached-corals-image-classification/bleached_corals/14976608815_e5eab2c699_b.jpg,bleached
/kaggle/input/healthy-and-bleached-corals-image-classification/healthy_corals/3211732015_22a764ec04_o.jpg,healthy
/kaggle/input/healthy-and-bleached-corals-image-classification/bleached_corals/4771280854_37b3cffa23_o.jpg,bleached
/kaggle/input/healthy-and-bleached-corals-image-classification/bleached_corals/15078840770_a92306a0bd_o.jpg,bleached
/kaggle/input/healthy-and-bleached-corals-image-classification/bleached_corals/28516039802_75d194f79c_o.jpg,bleached
/kaggle/input/healthy-and-bleached-corals-image-classification/healthy_corals/5627678188_0b41de73e4_b.jpg,healthy
/kaggle/input/healthy-and-bleached-corals-image-classification/bleached_corals/8728318610_32e8cc57f5_o.jpg,bleached
/kaggle/input/healthy-and-bleached-corals-image-classification/bleached_corals/28941304766_a46e7d8b58_o.jpg,bleached
/kaggle/input/healthy-and-bleached-corals-image-classification/bleached_corals/5778352075_1fb28c9883_o.jpg,bleached
/kaggle/input/healthy-and-bleached-corals-image-classification/bleached_corals/5581342742_e661bbcc5a_o.jpg,bleached
/kaggle/input/healthy-and-bleached-corals-image-classification/bleached_corals/4759911119_0a6feca578_o.jpg,bleached
/kaggle/input/healthy-and-bleached-corals-image-classification/healthy_corals/3876094237_8e4f133888_o.jpg,healthy
/kaggle/input/healthy-and-bleached-corals-image-classification/bleached_corals/4636282459_131e244ea1_o.jpg,bleached
/kaggle/input/healthy-and-bleached-corals-image-classification/healthy_corals/6783803016_81fc5c10bc_o.jpg,healthy
/kaggle/input/healthy-and-bleached-corals-image-classification/healthy_corals/5280498809_2a79ef7674_o.jpg,healthy
/kaggle/input/healthy-and-bleached-corals-image-classification/bleached_corals/14790053087_560f552b76_b.jpg,bleached
/kaggle/input/healthy-and-bleached-corals-image-classification/bleached_corals/2662551789_11257f723c_o.jpg,bleached
/kaggle/input/healthy-and-bleached-corals-image-classification/healthy_corals/9332751514_34288a96ee_o.jpg,healthy
/kaggle/input/healthy-and-bleached-corals-image-classification/bleached_corals/15889862378_480e08ebcf_o.jpg,bleached
/kaggle/input/healthy-and-bleached-corals-image-classification/healthy_corals/19880923365_a155d65d2a_o.jpg,healthy
/kaggle/input/healthy-and-bleached-corals-image-classification/healthy_corals/5645313974_be896732ac_o.jpg,healthy
/kaggle/input/healthy-and-bleached-corals-image-classification/bleached_corals/20796863252_04399035fb_o.jpg,bleached
/kaggle/input/healthy-and-bleached-corals-image-classification/healthy_corals/5737445273_47eb32094f_o.jpg,healthy
/kaggle/input/healthy-and-bleached-corals-image-classification/bleached_corals/22963517204_158bdf735b_b.jpg,bleached
/kaggle/input/healthy-and-bleached-corals-image-classification/healthy_corals/4853353552_662e2aed21_o.jpg,healthy
/kaggle/input/healthy-and-bleached-corals-image-classification/healthy_corals/13515185693_48853b32a0_b.jpg,healthy
/kaggle/input/healthy-and-bleached-corals-image-classification/bleached_corals/5398028208_a29769f449_o.jpg,bleached
/kaggle/input/healthy-and-bleached-corals-image-classification/bleached_corals/4957295366_001c80efc5_o.jpg,bleached
/kaggle/input/healthy-and-bleached-corals-image-classification/healthy_corals/6244010032_f171cce5b1_o.jpg,healthy
/kaggle/input/healthy-and-bleached-corals-image-classification/healthy_corals/4082784087_fef7dfc75c_o.jpg,healthy
/kaggle/input/healthy-and-bleached-corals-image-classification/bleached_corals/14820440125_b184eddba4_o.jpg,bleached
/kaggle/input/healthy-and-bleached-corals-image-classification/bleached_corals/33588618890_4cda253faf_o.jpg,bleached
/kaggle/input/healthy-and-bleached-corals-image-classification/healthy_corals/12019719063_12524d6d79_b.jpg,healthy
/kaggle/input/healthy-and-bleached-corals-image-classification/bleached_corals/30432076712_115c566096_o.jpg,bleached
/kaggle/input/healthy-and-bleached-corals-image-classification/bleached_corals/7660571558_cb14bee7a5_o.jpg,bleached
/kaggle/input/healthy-and-bleached-corals-image-classification/bleached_corals/21094488989_904cea3a3b_o.jpg,bleached
/kaggle/input/healthy-and-bleached-corals-image-classification/bleached_corals/14571745355_98f1718a09_o.jpg,bleached
/kaggle/input/healthy-and-bleached-corals-image-classification/healthy_corals/8142339398_638101c032_o.jpg,healthy
/kaggle/input/healthy-and-bleached-corals-image-classification/healthy_corals/5521000612_e98e5aa6f8_o.jpg,healthy
/kaggle/input/healthy-and-bleached-corals-image-classification/bleached_corals/33588528200_d7d7a82ba1_o.jpg,bleached
/kaggle/input/healthy-and-bleached-corals-image-classification/healthy_corals/17086705870_d07b2a335f_b.jpg,healthy
/kaggle/input/healthy-and-bleached-corals-image-classification/bleached_corals/5398026532_570237c1ef_o.jpg,bleached
/kaggle/input/healthy-and-bleached-corals-image-classification/bleached_corals/41658717240_0f44c1bd2d_o.jpg,bleached
/kaggle/input/healthy-and-bleached-corals-image-classification/healthy_corals/6152696118_8ff1861877_b.jpg,healthy
/kaggle/input/healthy-and-bleached-corals-image-classification/healthy_corals/9332760884_95a911dd74_o.jpg,healthy
/kaggle/input/healthy-and-bleached-corals-image-classification/healthy_corals/33812446754_5127219ea9_o.jpg,healthy
/kaggle/input/healthy-and-bleached-corals-image-classification/bleached_corals/5974390808_bc0956c2f7_b.jpg,bleached
/kaggle/input/healthy-and-bleached-corals-image-classification/bleached_corals/14913058584_146660dcf6_b.jpg,bleached
/kaggle/input/healthy-and-bleached-corals-image-classification/bleached_corals/28357165433_079a1d5d35_o.jpg,bleached
/kaggle/input/healthy-and-bleached-corals-image-classification/bleached_corals/39708933072_afcbf45e8e_b.jpg,bleached
/kaggle/input/healthy-and-bleached-corals-image-classification/healthy_corals/12585421735_ebb6521075_o.jpg,healthy
/kaggle/input/healthy-and-bleached-corals-image-classification/healthy_corals/1972126685_51f5d5b825_o.jpg,healthy
/kaggle/input/healthy-and-bleached-corals-image-classification/healthy_corals/4809459124_708941e85e_o.jpg,healthy
/kaggle/input/healthy-and-bleached-corals-image-classification/healthy_corals/8038946571_2852135e14_b.jpg,healthy
/kaggle/input/healthy-and-bleached-corals-image-classification/healthy_corals/41377537672_dd44ffab3e_b.jpg,healthy
/kaggle/input/healthy-and-bleached-corals-image-classification/healthy_corals/8127016951_d15419e3c8_o.jpg,healthy
/kaggle/input/healthy-and-bleached-corals-image-classification/healthy_corals/2532808795_a3deed5cca_b.jpg,healthy
/kaggle/input/healthy-and-bleached-corals-image-classification/bleached_corals/3688276697_5ee4b2e4f0_o.jpg,bleached
/kaggle/input/healthy-and-bleached-corals-image-classification/bleached_corals/9214016858_d7e7930601_o.jpg,bleached
/kaggle/input/healthy-and-bleached-corals-image-classification/healthy_corals/5640587328_dda3310b1b_o.jpg,healthy
/kaggle/input/healthy-and-bleached-corals-image-classification/bleached_corals/15664476254_0e5bfa79c0_o.jpg,bleached
/kaggle/input/healthy-and-bleached-corals-image-classification/healthy_corals/3884349622_94e151090e_o.jpg,healthy
/kaggle/input/healthy-and-bleached-corals-image-classification/healthy_corals/2568080532_2bd063709a_o.jpg,healthy
/kaggle/input/healthy-and-bleached-corals-image-classification/healthy_corals/14127677210_f7c20e3f90_o.jpg,healthy
/kaggle/input/healthy-and-bleached-corals-image-classification/bleached_corals/7704806928_d795ba19a9_o.jpg,bleached
/kaggle/input/healthy-and-bleached-corals-image-classification/bleached_corals/36342360524_c05af55cd7_o.jpg,bleached
/kaggle/input/healthy-and-bleached-corals-image-classification/healthy_corals/23787881938_a0228c1e06_o.jpg,healthy
/kaggle/input/healthy-and-bleached-corals-image-classification/healthy_corals/8322554906_0df6647328_b.jpg,healthy
/kaggle/input/healthy-and-bleached-corals-image-classification/healthy_corals/6146958411_e1ee6280f0_b.jpg,healthy
/kaggle/input/healthy-and-bleached-corals-image-classification/bleached_corals/30003677185_2c5b05e91d_o.jpg,bleached
/kaggle/input/healthy-and-bleached-corals-image-classification/healthy_corals/469499083_0b873706f2_o.jpg,healthy
/kaggle/input/healthy-and-bleached-corals-image-classification/healthy_corals/4294405692_4e18a07a57_o.jpg,healthy
/kaggle/input/healthy-and-bleached-corals-image-classification/healthy_corals/8191881180_cf63529ebb_o.jpg,healthy
/kaggle/input/healthy-and-bleached-corals-image-classification/healthy_corals/7183712189_c098189edf_b.jpg,healthy
/kaggle/input/healthy-and-bleached-corals-image-classification/bleached_corals/5397336137_982875fc1a_o.jpg,bleached
/kaggle/input/healthy-and-bleached-corals-image-classification/healthy_corals/15750057575_1831a6e69e_o.jpg,healthy
/kaggle/input/healthy-and-bleached-corals-image-classification/bleached_corals/14612614529_f50e06961c_o.jpg,bleached
/kaggle/input/healthy-and-bleached-corals-image-classification/bleached_corals/5397934018_c5f215e94d_o.jpg,bleached
/kaggle/input/healthy-and-bleached-corals-image-classification/healthy_corals/4326777539_0c53ec3f83_b.jpg,healthy
/kaggle/input/healthy-and-bleached-corals-image-classification/healthy_corals/44569022405_7b05d8b616_b.jpg,healthy
/kaggle/input/healthy-and-bleached-corals-image-classification/healthy_corals/2421245119_e93e061d74_b.jpg,healthy
/kaggle/input/healthy-and-bleached-corals-image-classification/bleached_corals/28497428126_855134e3a1_o.jpg,bleached
/kaggle/input/healthy-and-bleached-corals-image-classification/bleached_corals/4755027246_47b96c64ec_o.jpg,bleached
/kaggle/input/healthy-and-bleached-corals-image-classification/healthy_corals/3283358041_57a98063bb_o.jpg,healthy
/kaggle/input/healthy-and-bleached-corals-image-classification/healthy_corals/10479719064_929fa60800_o.jpg,healthy
/kaggle/input/healthy-and-bleached-corals-image-classification/healthy_corals/6416024503_607f856afc_o.jpg,healthy
/kaggle/input/healthy-and-bleached-corals-image-classification/bleached_corals/14633820588_905c5e850a_o.jpg,bleached
/kaggle/input/healthy-and-bleached-corals-image-classification/bleached_corals/14986419582_3585068d13_b.jpg,bleached
/kaggle/input/healthy-and-bleached-corals-image-classification/bleached_corals/14953612606_01dd03996a_b.jpg,bleached
/kaggle/input/healthy-and-bleached-corals-image-classification/healthy_corals/385978976_35cb8133d4_b.jpg,healthy
/kaggle/input/healthy-and-bleached-corals-image-classification/healthy_corals/9091340085_044a64fe22_o.jpg,healthy
/kaggle/input/healthy-and-bleached-corals-image-classification/healthy_corals/44803677751_f984c0e2a3_o.jpg,healthy
/kaggle/input/healthy-and-bleached-corals-image-classification/bleached_corals/6398049615_c4626706d9_o.jpg,bleached
/kaggle/input/healthy-and-bleached-corals-image-classification/healthy_corals/26549013619_7329a98baa_b.jpg,healthy
/kaggle/input/healthy-and-bleached-corals-image-classification/healthy_corals/12447280983_8f222ea0ec_b.jpg,healthy
/kaggle/input/healthy-and-bleached-corals-image-classification/bleached_corals/8198703539_ef96ff2930_o.jpg,bleached
/kaggle/input/healthy-and-bleached-corals-image-classification/bleached_corals/33973134195_bf94042012_o.jpg,bleached
/kaggle/input/healthy-and-bleached-corals-image-classification/healthy_corals/226053010_ac0440a0fb_b.jpg,healthy
/kaggle/input/healthy-and-bleached-corals-image-classification/healthy_corals/4312533708_bd97b59cbe_o.jpg,healthy
/kaggle/input/healthy-and-bleached-corals-image-classification/bleached_corals/33973909935_7fed79fc2a_o.jpg,bleached
/kaggle/input/healthy-and-bleached-corals-image-classification/bleached_corals/41631380651_9fa0605ded_b.jpg,bleached
/kaggle/input/healthy-and-bleached-corals-image-classification/bleached_corals/15598304567_45c1721b6c_o.jpg,bleached
/kaggle/input/healthy-and-bleached-corals-image-classification/bleached_corals/33588071250_5c474b890d_o.jpg,bleached
/kaggle/input/healthy-and-bleached-corals-image-classification/bleached_corals/39523908564_52a1aa96eb_o.jpg,bleached
/kaggle/input/healthy-and-bleached-corals-image-classification/bleached_corals/8676908467_a3f5de6ba5_o.jpg,bleached
/kaggle/input/healthy-and-bleached-corals-image-classification/bleached_corals/28050650485_0d07fd8dc5_o.jpg,bleached
/kaggle/input/healthy-and-bleached-corals-image-classification/healthy_corals/7356451208_bf9218c57c_b.jpg,healthy
/kaggle/input/healthy-and-bleached-corals-image-classification/bleached_corals/4559842029_e37966b82f_o.jpg,bleached
/kaggle/input/healthy-and-bleached-corals-image-classification/bleached_corals/26087696762_8f38fed697_o.jpg,bleached
/kaggle/input/healthy-and-bleached-corals-image-classification/bleached_corals/29376275703_fc3ea71718_o.jpg,bleached
/kaggle/input/healthy-and-bleached-corals-image-classification/healthy_corals/2828810220_c511bb0783_b.jpg,healthy
/kaggle/input/healthy-and-bleached-corals-image-classification/healthy_corals/9329977667_80aaa95748_o.jpg,healthy
/kaggle/input/healthy-and-bleached-corals-image-classification/healthy_corals/20169787116_0760572869_b.jpg,healthy
/kaggle/input/healthy-and-bleached-corals-image-classification/bleached_corals/38854211860_5d64c568d2_o.jpg,bleached
/kaggle/input/healthy-and-bleached-corals-image-classification/healthy_corals/6824377678_58621c4f7b_o.jpg,healthy
/kaggle/input/healthy-and-bleached-corals-image-classification/bleached_corals/9211069421_64421481ed_o.jpg,bleached
/kaggle/input/healthy-and-bleached-corals-image-classification/bleached_corals/9670495054_392fa34907_o.jpg,bleached
/kaggle/input/healthy-and-bleached-corals-image-classification/bleached_corals/16821031211_c5c5d9b4f8_o.jpg,bleached
/kaggle/input/healthy-and-bleached-corals-image-classification/bleached_corals/14973517671_71981f5a6e_b.jpg,bleached
/kaggle/input/healthy-and-bleached-corals-image-classification/bleached_corals/5529485045_0e83ba0976_b.jpg,bleached
/kaggle/input/healthy-and-bleached-corals-image-classification/bleached_corals/23061419232_119aee925e_o.jpg,bleached
/kaggle/input/healthy-and-bleached-corals-image-classification/bleached_corals/5398027082_84000f2f19_o.jpg,bleached
/kaggle/input/healthy-and-bleached-corals-image-classification/bleached_corals/39523903804_d31b1d2af7_o.jpg,bleached
/kaggle/input/healthy-and-bleached-corals-image-classification/healthy_corals/10472657773_a08f5c73a1_o.jpg,healthy
/kaggle/input/healthy-and-bleached-corals-image-classification/healthy_corals/15076860645_b421e2fbe4_o.jpg,healthy
/kaggle/input/healthy-and-bleached-corals-image-classification/bleached_corals/29556280303_0b2b703191_b.jpg,bleached
/kaggle/input/healthy-and-bleached-corals-image-classification/healthy_corals/40385622723_a83740e323_o.jpg,healthy
/kaggle/input/healthy-and-bleached-corals-image-classification/bleached_corals/14789934140_05e3f10c35_b.jpg,bleached
/kaggle/input/healthy-and-bleached-corals-image-classification/bleached_corals/14340805801_5feec9690f_o.jpg,bleached
/kaggle/input/healthy-and-bleached-corals-image-classification/bleached_corals/27627673012_7a63b12bc9_o.jpg,bleached
/kaggle/input/healthy-and-bleached-corals-image-classification/healthy_corals/385969545_2b38ae950c_b.jpg,healthy
/kaggle/input/healthy-and-bleached-corals-image-classification/healthy_corals/11976476874_e416f226c4_b.jpg,healthy
/kaggle/input/healthy-and-bleached-corals-image-classification/healthy_corals/7890651910_d1542b855d_o.jpg,healthy
/kaggle/input/healthy-and-bleached-corals-image-classification/bleached_corals/4559830591_3953693f05_o.jpg,bleached
/kaggle/input/healthy-and-bleached-corals-image-classification/bleached_corals/29198832082_c15b4458bf_o.jpg,bleached
/kaggle/input/healthy-and-bleached-corals-image-classification/bleached_corals/4754538714_1a3062e199_o.jpg,bleached
/kaggle/input/healthy-and-bleached-corals-image-classification/bleached_corals/21210061359_7dbeee3e98_o.jpg,bleached
/kaggle/input/healthy-and-bleached-corals-image-classification/bleached_corals/14953641286_0dfa4ae361_b.jpg,bleached
/kaggle/input/healthy-and-bleached-corals-image-classification/healthy_corals/20312733630_6f92f3f776_o.jpg,healthy
/kaggle/input/healthy-and-bleached-corals-image-classification/healthy_corals/10446647406_2e48bd2103_o.jpg,healthy
/kaggle/input/healthy-and-bleached-corals-image-classification/healthy_corals/3927261110_ee236bde50_b.jpg,healthy
/kaggle/input/healthy-and-bleached-corals-image-classification/bleached_corals/8467854527_e770edea2d_o.jpg,bleached
/kaggle/input/healthy-and-bleached-corals-image-classification/bleached_corals/5598103475_db722f2d67_o.jpg,bleached
/kaggle/input/healthy-and-bleached-corals-image-classification/healthy_corals/31541043258_ecc9988507_b.jpg,healthy
/kaggle/input/healthy-and-bleached-corals-image-classification/bleached_corals/9312549083_7e8afa3e10_o.jpg,bleached
/kaggle/input/healthy-and-bleached-corals-image-classification/healthy_corals/23075042305_6a524cff4c_o.jpg,healthy
/kaggle/input/healthy-and-bleached-corals-image-classification/healthy_corals/5438478599_55ff088cb7_o.jpg,healthy
/kaggle/input/healthy-and-bleached-corals-image-classification/healthy_corals/13398172963_d6ed9ff9af_o.jpg,healthy
/kaggle/input/healthy-and-bleached-corals-image-classification/healthy_corals/38197101852_f8462f5876_b.jpg,healthy
/kaggle/input/healthy-and-bleached-corals-image-classification/healthy_corals/9329943057_39a3c3977f_o.jpg,healthy
/kaggle/input/healthy-and-bleached-corals-image-classification/bleached_corals/22378280290_a8c7489f86_o.jpg,bleached
/kaggle/input/healthy-and-bleached-corals-image-classification/bleached_corals/6157774144_25d6386699_o.jpg,bleached
/kaggle/input/healthy-and-bleached-corals-image-classification/bleached_corals/16051547956_12d5b6c365_o.jpg,bleached
